{
  "gizmos-infos": {
    "is2D": false,
    "is3DIcon": false,
    "iconSize": 2,
    "gridVisible": true,
    "gridColor": [
      166,
      166,
      166,
      255
    ],
    "transformToolName": "position",
    "pivot": "pivot",
    "coordinate": "local",
    "toolsVisibility3d": true
  },
  "__version__": "1.0.0",
  "builder": {},
  "snap-configs": {
    "position": {
      "x": 1,
      "y": 1,
      "z": 1
    },
    "rotation": 1,
    "scale": 1,
    "isPositionSnapEnabled": false,
    "isRotationSnapEnabled": false,
    "isScaleSnapEnabled": false
  },
  "rect-snap-configs": {
    "enableSnapping": true,
    "snapThreshold": 4
  },
  "camera-infos": {
    "f50a9f82-fb2c-40af-85ea-ccd126daf27a": {
      "position": {
        "x": 640.0000000000002,
        "y": 360,
        "z": 5000
      },
      "rotation": {
        "x": 0,
        "y": 0,
        "z": 0,
        "w": 1
      },
      "viewCenter": {
        "x": 0,
        "y": 0,
        "z": 0
      },
      "contentRect": {
        "x": 0,
        "y": 0,
        "width": 371.70000000000005,
        "height": 209.08125000000004
      },
      "scale": 0.29039062500000007
    },
    "2c0822ed-2ec8-43bf-8853-d8d832d28055": {
      "position": {
        "x": 640,
        "y": 360,
        "z": 5000
      },
      "rotation": {
        "x": 0,
        "y": 0,
        "z": 0,
        "w": 1
      },
      "viewCenter": {
        "x": 0,
        "y": 0,
        "z": 0
      },
      "contentRect": {
        "x": 0,
        "y": 6.811418848701953e-14,
        "width": 1068.2,
        "height": 600.8625
      },
      "scale": 0.8345312500000001
    },
    "c1d0ef6d-0b8c-4b5a-8ba8-f00354173d65": {
      "position": {
        "x": 1381.5633006279445,
        "y": 1381.563300627944,
        "z": 1381.5633006279438
      },
      "rotation": {
        "x": -0.27984814233312133,
        "y": 0.3647051996310009,
        "z": 0.11591689595929512,
        "w": 0.8804762392171493
      },
      "viewCenter": {
        "x": 0,
        "y": 0,
        "z": 0
      },
      "contentRect": {
        "x": 0,
        "y": 0,
        "width": 1500,
        "height": 1000
      },
      "scale": 1
    },
    "2818f5a5-177c-4fb3-bb1c-311c4bbc1214": {
      "position": {
        "x": 632.1285050927592,
        "y": 352.3737555743745,
        "z": 143.19567403248067
      },
      "rotation": {
        "x": 0,
        "y": 0,
        "z": 0,
        "w": 1
      },
      "viewCenter": {
        "x": 632.1285050927592,
        "y": 352.3737555743745,
        "z": 0
      },
      "contentRect": {
        "x": 317.3817697367377,
        "y": 179.17912117120156,
        "width": 632.8,
        "height": 632.8
      },
      "scale": 1.474926731466721
    },
    "0817d615-bd89-4d7a-97c8-99bdc2fc6cec": {
      "position": {
        "x": 1459.9997293397885,
        "y": 1459.9997293397882,
        "z": 1459.999729339788
      },
      "rotation": {
        "x": -0.27984814233312133,
        "y": 0.3647051996310009,
        "z": 0.11591689595929512,
        "w": 0.8804762392171493
      },
      "viewCenter": {
        "x": 0,
        "y": 0,
        "z": 0
      },
      "contentRect": {
        "x": 0,
        "y": 0,
        "width": 1526,
        "height": 875
      },
      "scale": 1
    },
    "dcce1119-568c-414d-8dff-94300b39881c": {
      "position": {
        "x": 2703.1274712620866,
        "y": 2703.127471262086,
        "z": 2703.1274712620852
      },
      "rotation": {
        "x": -0.27984814233312133,
        "y": 0.3647051996310009,
        "z": 0.11591689595929512,
        "w": 0.8804762392171493
      },
      "viewCenter": {
        "x": 0,
        "y": 0,
        "z": 0
      },
      "contentRect": {
        "x": 0,
        "y": 0,
        "width": 820,
        "height": 360
      },
      "scale": 1
    },
    "ea96f1db-e655-4b62-9209-7d81ff61f031": {
      "position": {
        "x": 1521.3852127084901,
        "y": 1521.38521270849,
        "z": 1521.3852127084895
      },
      "rotation": {
        "x": -0.27984814233312133,
        "y": 0.3647051996310009,
        "z": 0.11591689595929512,
        "w": 0.8804762392171493
      },
      "viewCenter": {
        "x": 0,
        "y": 0,
        "z": 0
      },
      "contentRect": {
        "x": 0,
        "y": 0,
        "width": 375,
        "height": 812
      },
      "scale": 1
    },
    "191c36a7-85c1-48db-a9a3-5b9c1acfe3c2": {
      "position": {
        "x": 1448.5051662256235,
        "y": 1448.505166225623,
        "z": 1448.505166225623
      },
      "rotation": {
        "x": -0.27984814233312133,
        "y": 0.3647051996310009,
        "z": 0.11591689595929512,
        "w": 0.8804762392171493
      },
      "viewCenter": {
        "x": 0,
        "y": 0,
        "z": 0
      },
      "contentRect": {
        "x": 0,
        "y": 0,
        "width": 403,
        "height": 875
      },
      "scale": 1
    },
    "4faedcbb-8ddc-43af-ab15-8adf0b64202e": {
      "position": {
        "x": 1597.9344853565808,
        "y": 1597.9344853565804,
        "z": 1597.9344853565801
      },
      "rotation": {
        "x": -0.27984814233312133,
        "y": 0.3647051996310009,
        "z": 0.11591689595929512,
        "w": 0.8804762392171493
      },
      "viewCenter": {
        "x": 0,
        "y": 0,
        "z": 0
      },
      "contentRect": {
        "x": 0,
        "y": 0,
        "width": 403,
        "height": 875
      },
      "scale": 1
    },
    "da72a902-e06e-4acc-ba07-cf1ea0b2000f": {
      "position": {
        "x": 1471.4942922457708,
        "y": 1471.4942922457703,
        "z": 1471.49429224577
      },
      "rotation": {
        "x": -0.27984814233312133,
        "y": 0.3647051996310009,
        "z": 0.11591689595929512,
        "w": 0.8804762392171493
      },
      "viewCenter": {
        "x": 0,
        "y": 0,
        "z": 0
      },
      "contentRect": {
        "x": 0,
        "y": 0,
        "width": 403,
        "height": 875
      },
      "scale": 1
    },
    "5729620c-bbea-4152-a6b0-ebf04eb09af4": {
      "position": {
        "x": 1574.9453593364335,
        "y": 1574.945359336433,
        "z": 1574.9453593364328
      },
      "rotation": {
        "x": -0.27984814233312133,
        "y": 0.3647051996310009,
        "z": 0.11591689595929512,
        "w": 0.8804762392171493
      },
      "viewCenter": {
        "x": 0,
        "y": 0,
        "z": 0
      },
      "contentRect": {
        "x": 0,
        "y": 0,
        "width": 403,
        "height": 875
      },
      "scale": 1
    },
    "e0f99864-e8d7-4626-bd7c-33808dcd5e97": {
      "position": {
        "x": 1609.4290483666543,
        "y": 1609.429048366654,
        "z": 1609.429048366654
      },
      "rotation": {
        "x": -0.27984814233312133,
        "y": 0.3647051996310009,
        "z": 0.11591689595929512,
        "w": 0.8804762392171493
      },
      "viewCenter": {
        "x": 0,
        "y": 0,
        "z": 0
      },
      "contentRect": {
        "x": 0,
        "y": 0,
        "width": 403,
        "height": 875
      },
      "scale": 1
    },
    "6399db62-4f02-4fa4-92b2-248a8c29a1c7": {
      "position": {
        "x": 1586.439922346507,
        "y": 1586.4399223465066,
        "z": 1586.4399223465064
      },
      "rotation": {
        "x": -0.27984814233312133,
        "y": 0.3647051996310009,
        "z": 0.11591689595929512,
        "w": 0.8804762392171493
      },
      "viewCenter": {
        "x": 0,
        "y": 0,
        "z": 0
      },
      "contentRect": {
        "x": 0,
        "y": 0,
        "width": 403,
        "height": 875
      },
      "scale": 1
    },
    "f1ed05c5-b1e6-4115-8f60-94d9d4124632": {
      "position": {
        "x": 2483.015837132249,
        "y": 2483.0158371322486,
        "z": 2483.015837132248
      },
      "rotation": {
        "x": -0.27984814233312133,
        "y": 0.3647051996310009,
        "z": 0.11591689595929512,
        "w": 0.8804762392171493
      },